{
  "project_info": {
    "project_number": "284968287111",
    "firebase_url": "https://ncistudentapp.firebaseio.com",
    "project_id": "ncistudentapp",
    "storage_bucket": "ncistudentapp.appspot.com"
  },
  "client": [
    {
      "client_info": {
        "mobilesdk_app_id": "1:284968287111:android:ab7403948296a4ce",
        "android_client_info": {
          "package_name": "com.benit.kibabu.ncistudentcardreceiver"
        }
      },
      "oauth_client": [
        {
          "client_id": "284968287111-sou6b1ecvst7sbq6880s420qval69l0n.apps.googleusercontent.com",
          "client_type": 1,
          "android_info": {
            "package_name": "com.benit.kibabu.ncistudentcardreceiver",
            "certificate_hash": "d04107a5a1bc44ae80146b6ecbedb84695c722b7"
          }
        },
        {
          "client_id": "284968287111-je788ptherdhl0l6i7dkmlm5no55ih9o.apps.googleusercontent.com",
          "client_type": 3
        }
      ],
      "api_key": [
        {
          "current_key": "AIzaSyA6_6AyJPpNUEqJ8C9hrbeXqnH0-BbMtms"
        }
      ],
      "services": {
        "analytics_service": {
          "status": 1
        },
        "appinvite_service": {
          "status": 2,
          "other_platform_oauth_client": [
            {
              "client_id": "284968287111-je788ptherdhl0l6i7dkmlm5no55ih9o.apps.googleusercontent.com",
              "client_type": 3
            }
          ]
        },
        "ads_service": {
          "status": 2
        }
      }
    },
    {
      "client_info": {
        "mobilesdk_app_id": "1:284968287111:android:284a44b1cb9758ee",
        "android_client_info": {
          "package_name": "com.benit.kibabu.studentcardapp"
        }
      },
      "oauth_client": [
        {
          "client_id": "284968287111-0ggm3p9cekkbjvd2s1t476rlqcd2bur1.apps.googleusercontent.com",
          "client_type": 1,
          "android_info": {
            "package_name": "com.benit.kibabu.studentcardapp",
            "certificate_hash": "d04107a5a1bc44ae80146b6ecbedb84695c722b7"
          }
        },
        {
          "client_id": "284968287111-je788ptherdhl0l6i7dkmlm5no55ih9o.apps.googleusercontent.com",
          "client_type": 3
        }
      ],
      "api_key": [
        {
          "current_key": "AIzaSyA6_6AyJPpNUEqJ8C9hrbeXqnH0-BbMtms"
        }
      ],
      "services": {
        "analytics_service": {
          "status": 1
        },
        "appinvite_service": {
          "status": 2,
          "other_platform_oauth_client": [
            {
              "client_id": "284968287111-je788ptherdhl0l6i7dkmlm5no55ih9o.apps.googleusercontent.com",
              "client_type": 3
            }
          ]
        },
        "ads_service": {
          "status": 2
        }
      }
    }
  ],
  "configuration_version": "1"
}